mean_fit_time,std_fit_time,mean_score_time,std_score_time,param_colsample_bytree,param_learning_rate,param_max_depth,param_n_estimators,param_num_leaves,param_reg_alpha,param_reg_lambda,param_subsample,param_subsample_freq,params,split0_test_score,split1_test_score,split2_test_score,split3_test_score,split4_test_score,mean_test_score,std_test_score,rank_test_score
2.3067843914031982,0.13219359914981643,0.0031992435455322266,0.000398211407214063,0.5356545233026259,0.22498782522548938,159,3244,440,61.11092950683307,2.563039028690693e-08,0.01162059109844919,6,"OrderedDict([('colsample_bytree', 0.5356545233026259), ('learning_rate', 0.22498782522548938), ('max_depth', 159), ('n_estimators', 3244), ('num_leaves', 440), ('reg_alpha', 61.11092950683307), ('reg_lambda', 2.563039028690693e-08), ('subsample', 0.01162059109844919), ('subsample_freq', 6)])",0.5,0.5,0.5,0.5,0.5,0.5,0.0,60
1.458576250076294,0.09937213101471518,0.010799264907836914,0.0015997116707069383,0.24986775268676453,0.01323530752845796,134,604,383,9.531074841901145,1.7048279932347365e-06,0.6518845360701221,4,"OrderedDict([('colsample_bytree', 0.24986775268676453), ('learning_rate', 0.01323530752845796), ('max_depth', 134), ('n_estimators', 604), ('num_leaves', 383), ('reg_alpha', 9.531074841901145), ('reg_lambda', 1.7048279932347365e-06), ('subsample', 0.6518845360701221), ('subsample_freq', 4)])",0.9119829683698297,0.9667274939172749,0.9250184532108586,0.9355572869679324,0.9026406662604103,0.9283853737452612,0.022202340138031247,26
10.055440330505371,2.1790697553830345,0.051199483871459964,0.0049146322008941454,0.9447268359624884,0.14363848261306444,124,3660,358,1.8642077993193987e-06,1.6470649417230179e-06,0.7228847480629969,3,"OrderedDict([('colsample_bytree', 0.9447268359624884), ('learning_rate', 0.14363848261306444), ('max_depth', 124), ('n_estimators', 3660), ('num_leaves', 358), ('reg_alpha', 1.8642077993193987e-06), ('reg_lambda', 1.6470649417230179e-06), ('subsample', 0.7228847480629969), ('subsample_freq', 3)])",0.9250405515004057,0.964639091646391,0.9481669810547034,0.9416878536865414,0.9113142392849889,0.938169743434606,0.018474534032063488,9
14.543964004516601,2.2700619928878063,0.05999865531921387,0.009380380352431578,0.26578794535302064,0.9074178473759839,232,3009,136,6.174580393961058e-08,0.31620743766416126,0.5829000460796396,2,"OrderedDict([('colsample_bytree', 0.26578794535302064), ('learning_rate', 0.9074178473759839), ('max_depth', 232), ('n_estimators', 3009), ('num_leaves', 136), ('reg_alpha', 6.174580393961058e-08), ('reg_lambda', 0.31620743766416126), ('subsample', 0.5829000460796396), ('subsample_freq', 2)])",0.8958231954582321,0.9515409570154096,0.9285860739768721,0.9448248995325187,0.8985577899654683,0.9238665831897002,0.02304066923414052,27
11.084633445739746,0.09691737413329395,0.046999216079711914,0.013593671278212689,0.19651694648611637,0.06780601269952154,16,1407,507,0.007734297580834182,1.563235692142683e-06,0.7382465578117614,10,"OrderedDict([('colsample_bytree', 0.19651694648611637), ('learning_rate', 0.06780601269952154), ('max_depth', 16), ('n_estimators', 1407), ('num_leaves', 507), ('reg_alpha', 0.007734297580834182), ('reg_lambda', 1.563235692142683e-06), ('subsample', 0.7382465578117614), ('subsample_freq', 10)])",0.836374695863747,0.9039132197891322,0.8852210284589519,0.9005782006069056,0.8543367865122894,0.8760847862462052,0.026486550371376958,44
28.515093421936037,6.312878464112461,0.1097996711730957,0.022902541412890134,0.7739965751904594,0.01934300754896991,144,2597,57,9.103706941331662e-05,0.7907115450599552,0.8972795223898329,3,"OrderedDict([('colsample_bytree', 0.7739965751904594), ('learning_rate', 0.01934300754896991), ('max_depth', 144), ('n_estimators', 2597), ('num_leaves', 57), ('reg_alpha', 9.103706941331662e-05), ('reg_lambda', 0.7907115450599552), ('subsample', 0.8972795223898329), ('subsample_freq', 3)])",0.9259529602595297,0.9709448499594485,0.9404576396292954,0.938653325678668,0.9011375177737152,0.9354292586601314,0.022639612068450072,21
10.687827825546265,0.752208820247363,0.04546070098876953,0.008362657772399378,0.5334048246546964,0.013055565482435798,87,982,125,5.799589814357769e-06,0.011556350804882232,0.4144872817307234,8,"OrderedDict([('colsample_bytree', 0.5334048246546964), ('learning_rate', 0.013055565482435798), ('max_depth', 87), ('n_estimators', 982), ('num_leaves', 125), ('reg_alpha', 5.799589814357769e-06), ('reg_lambda', 0.011556350804882232), ('subsample', 0.4144872817307234), ('subsample_freq', 8)])",0.9312449310624493,0.9717153284671534,0.9362134011317969,0.9439022389895843,0.9094251472679261,0.938500209383782,0.02017748176620031,6
17.29118366241455,2.2215497131436734,0.053199386596679686,0.009600324495790853,0.3294412757961067,0.04214832133822901,119,1392,99,0.028741037450482523,0.0005148734487773112,0.8449611146945373,6,"OrderedDict([('colsample_bytree', 0.3294412757961067), ('learning_rate', 0.04214832133822901), ('max_depth', 119), ('n_estimators', 1392), ('num_leaves', 99), ('reg_alpha', 0.028741037450482523), ('reg_lambda', 0.0005148734487773112), ('subsample', 0.8449611146945373), ('subsample_freq', 6)])",0.8976277372262774,0.9516423357664233,0.9293652095464612,0.9442918067743787,0.8891123298801543,0.9224078838387391,0.024918319458232138,28
25.750188779830932,6.354298974000441,0.09019832611083985,0.004165677631744593,0.013907136828492095,0.04583066373459603,180,3322,117,3.6847245577825992e-06,4.1409832037792914e-07,0.7547267949316108,8,"OrderedDict([('colsample_bytree', 0.013907136828492095), ('learning_rate', 0.04583066373459603), ('max_depth', 180), ('n_estimators', 3322), ('num_leaves', 117), ('reg_alpha', 3.6847245577825992e-06), ('reg_lambda', 4.1409832037792914e-07), ('subsample', 0.7547267949316108), ('subsample_freq', 8)])",0.829014598540146,0.8859894566098946,0.8798080866070697,0.8927048306405314,0.839853747714808,0.86547414402249,0.025898082624042727,47
6.479494428634643,0.37009612744871684,0.05200018882751465,0.018791642327659064,0.15594561383166003,0.3685806582783878,120,2292,419,0.02923767637994449,2.021243307465798,0.32624480187205324,4,"OrderedDict([('colsample_bytree', 0.15594561383166003), ('learning_rate', 0.3685806582783878), ('max_depth', 120), ('n_estimators', 2292), ('num_leaves', 419), ('reg_alpha', 0.02923767637994449), ('reg_lambda', 2.021243307465798), ('subsample', 0.32624480187205324), ('subsample_freq', 4)])",0.8478507704785078,0.8975060827250609,0.8836832608873945,0.896436479947511,0.85533211456429,0.8761617417205528,0.02077789023843563,43
4.317930364608765,0.801892899108289,0.04079909324645996,0.018036892526721467,1.0,0.01,256,4335,2,0.20649783105300384,1e-09,0.637815999816001,1,"OrderedDict([('colsample_bytree', 1.0), ('learning_rate', 0.01), ('max_depth', 256), ('n_estimators', 4335), ('num_leaves', 2), ('reg_alpha', 0.20649783105300384), ('reg_lambda', 1e-09), ('subsample', 0.637815999816001), ('subsample_freq', 1)])",0.9028183292781833,0.9635239253852392,0.9151562371852702,0.9293242024112194,0.8975421490960795,0.9216729686711982,0.02362331739994288,30
0.05459918975830078,0.0018548826729518047,0.0030000686645507814,7.893059424041199e-07,1.0,1.0,73,30,512,33.6471682699257,100.0,0.41336470297621775,1,"OrderedDict([('colsample_bytree', 1.0), ('learning_rate', 1.0), ('max_depth', 73), ('n_estimators', 30), ('num_leaves', 512), ('reg_alpha', 33.6471682699257), ('reg_lambda', 100.0), ('subsample', 0.41336470297621775), ('subsample_freq', 1)])",0.902676399026764,0.8937246553122465,0.8242844254900352,0.8561367177888952,0.8752285191956125,0.8704101433627107,0.028068512588204943,45
0.12699732780456544,0.012361163217108005,0.0055999755859375,0.0025761373259233725,0.01,1.0,-1,30,512,1e-09,100.0,0.8069976381840349,1,"OrderedDict([('colsample_bytree', 0.01), ('learning_rate', 1.0), ('max_depth', -1), ('n_estimators', 30), ('num_leaves', 512), ('reg_alpha', 1e-09), ('reg_lambda', 100.0), ('subsample', 0.8069976381840349), ('subsample_freq', 1)])",0.8997161394971613,0.9520275750202758,0.9031411465595013,0.9187751168703354,0.8851310176721512,0.911758199123885,0.022799698931169014,37
4.612725019454956,1.0969968470003948,0.02019920349121094,0.008424791105406214,1.0,0.01,-1,4451,449,100.0,100.0,0.5852599306008616,10,"OrderedDict([('colsample_bytree', 1.0), ('learning_rate', 0.01), ('max_depth', -1), ('n_estimators', 4451), ('num_leaves', 449), ('reg_alpha', 100.0), ('reg_lambda', 100.0), ('subsample', 0.5852599306008616), ('subsample_freq', 10)])",0.6378345498783455,0.5464010543390105,0.7314135159517756,0.7632555564668253,0.7257464960390004,0.6809302345349916,0.07910733972168423,55
0.03379940986633301,0.006144415476494322,0.003199005126953125,0.0003995180521274836,1.0,1.0,-1,30,512,100.0,1e-09,1.0,1,"OrderedDict([('colsample_bytree', 1.0), ('learning_rate', 1.0), ('max_depth', -1), ('n_estimators', 30), ('num_leaves', 512), ('reg_alpha', 100.0), ('reg_lambda', 1e-09), ('subsample', 1.0), ('subsample_freq', 1)])",0.6792579075425791,0.7556974858069748,0.7855121791191668,0.7261440990732386,0.765397115579931,0.7424017574243781,0.03692026159600171,50
9.635871839523315,0.6612644315688366,0.05139899253845215,0.010928335780452597,0.8492251396577701,0.21564181199984303,133,3298,297,1.0166355239288842e-09,0.00015715388864809813,0.7572661331338728,1,"OrderedDict([('colsample_bytree', 0.8492251396577701), ('learning_rate', 0.21564181199984303), ('max_depth', 133), ('n_estimators', 3298), ('num_leaves', 297), ('reg_alpha', 1.0166355239288842e-09), ('reg_lambda', 0.00015715388864809813), ('subsample', 0.7572661331338728), ('subsample_freq', 1)])",0.9263990267639903,0.9678223844282239,0.9440662675305503,0.9431436069876158,0.9097095267113549,0.938228162484347,0.01942835080958685,8
4.075613594055175,0.20583823443383442,0.017799568176269532,0.00040028150273734605,0.20669410446301717,0.01,84,703,165,1.7887871579290677e-06,0.17799642771870572,0.5052225824207501,6,"OrderedDict([('colsample_bytree', 0.20669410446301717), ('learning_rate', 0.01), ('max_depth', 84), ('n_estimators', 703), ('num_leaves', 165), ('reg_alpha', 1.7887871579290677e-06), ('reg_lambda', 0.17799642771870572), ('subsample', 0.5052225824207501), ('subsample_freq', 6)])",0.8874898621248988,0.9486415247364153,0.9098458131714918,0.9180882473550398,0.8751980499695309,0.9078526994714753,0.025508580862485124,38
0.33159408569335935,0.011110284183751335,0.0056003093719482425,0.0008008958186726151,1.0,0.01,130,340,2,1e-09,1e-09,0.4879051442258226,6,"OrderedDict([('colsample_bytree', 1.0), ('learning_rate', 0.01), ('max_depth', 130), ('n_estimators', 340), ('num_leaves', 2), ('reg_alpha', 1e-09), ('reg_lambda', 1e-09), ('subsample', 0.4879051442258226), ('subsample_freq', 6)])",0.9056265206812654,0.9462591240875913,0.904658410563438,0.9180062330845566,0.8906256347755434,0.9130351846384789,0.0187391998002376,35
19.306992959976196,1.7799691539550058,0.08479871749877929,0.01273461760501998,0.01,0.02803842218137158,195,5000,512,1e-09,100.0,1.0,6,"OrderedDict([('colsample_bytree', 0.01), ('learning_rate', 0.02803842218137158), ('max_depth', 195), ('n_estimators', 5000), ('num_leaves', 512), ('reg_alpha', 1e-09), ('reg_lambda', 100.0), ('subsample', 1.0), ('subsample_freq', 6)])",0.8975669099756691,0.9591849148418492,0.916406954810137,0.9317026162552283,0.8955108673573025,0.9200744526480372,0.02361462335826627,32
13.789979028701783,0.6392997661524984,0.09119820594787598,0.022542684555103658,0.12231166564926875,0.42332809710368097,59,5000,512,0.0025448691540243917,100.0,0.8967965368979708,3,"OrderedDict([('colsample_bytree', 0.12231166564926875), ('learning_rate', 0.42332809710368097), ('max_depth', 59), ('n_estimators', 5000), ('num_leaves', 512), ('reg_alpha', 0.0025448691540243917), ('reg_lambda', 100.0), ('subsample', 0.8967965368979708), ('subsample_freq', 3)])",0.8787104622871046,0.9442011354420113,0.9086771098171081,0.922886082178299,0.882205971968312,0.9073361523385671,0.02471267513063297,39
10.21183648109436,1.0425977431659799,0.04939842224121094,0.0068587222730650725,1.0,0.14884464654880042,115,3496,432,1.2417563176218476e-05,7.9557901121486e-07,0.7189042228515921,1,"OrderedDict([('colsample_bytree', 1.0), ('learning_rate', 0.14884464654880042), ('max_depth', 115), ('n_estimators', 3496), ('num_leaves', 432), ('reg_alpha', 1.2417563176218476e-05), ('reg_lambda', 7.9557901121486e-07), ('subsample', 0.7189042228515921), ('subsample_freq', 1)])",0.9227899432278994,0.964639091646391,0.9408677109817108,0.9441687853686542,0.9062766605728215,0.9357484383594954,0.0198408030344616,20
2.656554651260376,0.7573028405206281,0.02579975128173828,0.008133007764598748,0.516280678448398,0.05144789363971267,220,2625,2,1e-09,0.29027157476900245,0.7861057304360439,3,"OrderedDict([('colsample_bytree', 0.516280678448398), ('learning_rate', 0.05144789363971267), ('max_depth', 220), ('n_estimators', 2625), ('num_leaves', 2), ('reg_alpha', 1e-09), ('reg_lambda', 0.29027157476900245), ('subsample', 0.7861057304360439), ('subsample_freq', 3)])",0.8968572587185726,0.9599553933495539,0.9099893381448372,0.927704420569179,0.8987202925045703,0.9186453406573426,0.023389065052881724,34
0.12119755744934083,0.03447546092497881,0.003000164031982422,8.34124359347148e-07,1.0,0.025715653942900048,256,30,393,1.4392027146217512e-08,100.0,0.8790076772232361,1,"OrderedDict([('colsample_bytree', 1.0), ('learning_rate', 0.025715653942900048), ('max_depth', 256), ('n_estimators', 30), ('num_leaves', 393), ('reg_alpha', 1.4392027146217512e-08), ('reg_lambda', 100.0), ('subsample', 0.8790076772232361), ('subsample_freq', 1)])",0.9196877534468775,0.9555859691808597,0.9312002788485196,0.946147379644058,0.9059719683120049,0.931718669886464,0.017808649373189087,25
0.04099960327148437,0.002682873886779073,0.0033994197845458986,0.0010201420039062544,0.9968895050372211,0.01,256,30,2,2.103119660917106e-05,0.00045402109296780233,0.9463791442029007,10,"OrderedDict([('colsample_bytree', 0.9968895050372211), ('learning_rate', 0.01), ('max_depth', 256), ('n_estimators', 30), ('num_leaves', 2), ('reg_alpha', 2.103119660917106e-05), ('reg_lambda', 0.00045402109296780233), ('subsample', 0.9463791442029007), ('subsample_freq', 10)])",0.6778588807785888,0.7519870235198701,0.7353296973673419,0.7316800623308455,0.716808856388381,0.7227329040770055,0.025073119687825256,53
2.792354917526245,0.19030353506987147,0.0029999732971191405,1.4177387950247293e-06,0.01,1.0,256,5000,512,1e-09,1e-09,0.01,10,"OrderedDict([('colsample_bytree', 0.01), ('learning_rate', 1.0), ('max_depth', 256), ('n_estimators', 5000), ('num_leaves', 512), ('reg_alpha', 1e-09), ('reg_lambda', 1e-09), ('subsample', 0.01), ('subsample_freq', 10)])",0.5412003244120033,0.6786800486618004,0.4300418272779464,0.7044410727466579,0.679179362177534,0.6067085270551884,0.10534326725212122,57
1.1565814018249512,0.14485762170604402,0.007000637054443359,0.0016746238747392759,0.27474073967612644,0.01,185,109,89,0.17496936621093429,6.699519927156185e-08,0.6668534681785029,4,"OrderedDict([('colsample_bytree', 0.27474073967612644), ('learning_rate', 0.01), ('max_depth', 185), ('n_estimators', 109), ('num_leaves', 89), ('reg_alpha', 0.17496936621093429), ('reg_lambda', 6.699519927156185e-08), ('subsample', 0.6668534681785029), ('subsample_freq', 4)])",0.8845701540957017,0.945823195458232,0.9221479537439514,0.9291601738702534,0.8810887670119845,0.9125580488360245,0.025486485682056907,36
51.57817921638489,17.628503825274464,0.17439670562744142,0.04700994122182748,1.0,0.01,256,5000,175,5.332868229661199e-08,6.542966471393994e-08,0.8722542780807746,1,"OrderedDict([('colsample_bytree', 1.0), ('learning_rate', 0.01), ('max_depth', 256), ('n_estimators', 5000), ('num_leaves', 175), ('reg_alpha', 5.332868229661199e-08), ('reg_lambda', 6.542966471393994e-08), ('subsample', 0.8722542780807746), ('subsample_freq', 1)])",0.9279602595296026,0.9689375506893755,0.9454605101287624,0.9408882145493315,0.9009547024172252,0.9368402474628594,0.022304969712125908,15
5.5839104652404785,1.6228009846476295,0.05819869041442871,0.02787973681812966,0.8113716006117975,0.028954817237231315,1,5000,512,2.9172860752034264,1e-09,0.6685511848532839,3,"OrderedDict([('colsample_bytree', 0.8113716006117975), ('learning_rate', 0.028954817237231315), ('max_depth', 1), ('n_estimators', 5000), ('num_leaves', 512), ('reg_alpha', 2.9172860752034264), ('reg_lambda', 1e-09), ('subsample', 0.6685511848532839), ('subsample_freq', 3)])",0.9043998377939985,0.9631184103811842,0.9159148691872385,0.9320101697695399,0.8958358724355069,0.9222558319134937,0.02375691907275743,29
0.06639795303344727,0.015330748630064086,0.0028007030487060547,0.0004006702641664845,0.01,1.0,32,30,512,0.5374313268294434,100.0,0.3881449507588134,8,"OrderedDict([('colsample_bytree', 0.01), ('learning_rate', 1.0), ('max_depth', 32), ('n_estimators', 30), ('num_leaves', 512), ('reg_alpha', 0.5374313268294434), ('reg_lambda', 100.0), ('subsample', 0.3881449507588134), ('subsample_freq', 8)])",0.8575831305758312,0.9318329278183293,0.8921204789633397,0.9215020913638974,0.880692667072923,0.8967462591588641,0.02704363824441201,41
0.04199872016906738,0.002280227605478889,0.002999734878540039,5.091227651611e-07,1.0,0.01,256,30,2,1.4004402806480444e-08,100.0,0.8832707187141051,4,"OrderedDict([('colsample_bytree', 1.0), ('learning_rate', 0.01), ('max_depth', 256), ('n_estimators', 30), ('num_leaves', 2), ('reg_alpha', 1.4004402806480444e-08), ('reg_lambda', 100.0), ('subsample', 0.8832707187141051), ('subsample_freq', 4)])",0.6778588807785888,0.7519870235198701,0.7353296973673419,0.7316800623308455,0.716808856388381,0.7227329040770055,0.025073119687825256,53
0.06539936065673828,0.005042370654028316,0.0060002803802490234,0.00340525241545957,0.01,0.03447105658719725,1,30,402,6.8793300042282546e-06,100.0,0.49282241688970696,1,"OrderedDict([('colsample_bytree', 0.01), ('learning_rate', 0.03447105658719725), ('max_depth', 1), ('n_estimators', 30), ('num_leaves', 402), ('reg_alpha', 6.8793300042282546e-06), ('reg_lambda', 100.0), ('subsample', 0.49282241688970696), ('subsample_freq', 1)])",0.8664740470397405,0.8926399026763991,0.8692692528499959,0.8624928237513327,0.8571907373552712,0.8696133527345479,0.012208349217341532,46
6.603093385696411,2.3506958325148077,0.028999853134155273,0.020513806311573086,1.0,0.5104786889467322,112,4248,410,1.0246417568104218e-06,9.890827489892575e-08,0.8426305269611996,4,"OrderedDict([('colsample_bytree', 1.0), ('learning_rate', 0.5104786889467322), ('max_depth', 112), ('n_estimators', 4248), ('num_leaves', 410), ('reg_alpha', 1.0246417568104218e-06), ('reg_lambda', 9.890827489892575e-08), ('subsample', 0.8426305269611996), ('subsample_freq', 4)])",0.9223236009732361,0.9670316301703165,0.9513245304683013,0.5555441646846552,0.6163111923623807,0.802507023731778,0.17845478418073274,48
6.829693412780761,1.8050897734219347,0.05539722442626953,0.02252423235415919,0.8253063640372461,0.03665718279091135,-1,5000,2,4.629499337779491e-07,5.6775249179612635,0.4455310175390606,1,"OrderedDict([('colsample_bytree', 0.8253063640372461), ('learning_rate', 0.03665718279091135), ('max_depth', -1), ('n_estimators', 5000), ('num_leaves', 2), ('reg_alpha', 4.629499337779491e-07), ('reg_lambda', 5.6775249179612635), ('subsample', 0.4455310175390606), ('subsample_freq', 1)])",0.9016017842660179,0.9612935928629359,0.9111990486344622,0.9298162880341179,0.8938655291488931,0.9195552485892854,0.024081083684137146,33
3.4853439331054688,0.24919469431615457,0.006400060653686523,0.0010201323975460466,0.6689268102737094,0.0369222227189239,-1,5000,467,100.0,0.03420255085410885,1.0,1,"OrderedDict([('colsample_bytree', 0.6689268102737094), ('learning_rate', 0.0369222227189239), ('max_depth', -1), ('n_estimators', 5000), ('num_leaves', 467), ('reg_alpha', 100.0), ('reg_lambda', 0.03420255085410885), ('subsample', 1.0), ('subsample_freq', 1)])",0.670133819951338,0.7289030819140307,0.7916940047568277,0.7134318871483638,0.7669307332927077,0.7342187054126535,0.04228642102152774,51
3.1313496589660645,0.1552392709455433,0.0028005123138427736,0.0004004492365628286,0.01,0.01,-1,5000,512,1e-09,0.00035899715702982117,0.01,1,"OrderedDict([('colsample_bytree', 0.01), ('learning_rate', 0.01), ('max_depth', -1), ('n_estimators', 5000), ('num_leaves', 512), ('reg_alpha', 1e-09), ('reg_lambda', 0.00035899715702982117), ('subsample', 0.01), ('subsample_freq', 1)])",0.5455089213300892,0.5471918085969182,0.5152136471746084,0.49791888788649225,0.4460593134267723,0.510378515682976,0.03716165910273963,59
34.47605166435242,9.965197374218667,0.11579794883728027,0.0437134605342958,0.46337358329671885,0.015402583170173253,29,3041,142,2.4613821495012914e-08,0.011275707654082104,0.4788600823095552,1,"OrderedDict([('colsample_bytree', 0.46337358329671885), ('learning_rate', 0.015402583170173253), ('max_depth', 29), ('n_estimators', 3041), ('num_leaves', 142), ('reg_alpha', 2.4613821495012914e-08), ('reg_lambda', 0.011275707654082104), ('subsample', 0.4788600823095552), ('subsample_freq', 1)])",0.9214111922141119,0.9673763179237632,0.9458910850487985,0.945850077913557,0.9072313629900467,0.9375520072180554,0.02101311533684777,11
31.502897357940675,3.1779774402724046,0.09059810638427734,0.0063435836937862,0.6043565738702622,0.04333161374959449,126,3401,88,0.006129079582172176,0.4717150440662617,0.8702821055643343,1,"OrderedDict([('colsample_bytree', 0.6043565738702622), ('learning_rate', 0.04333161374959449), ('max_depth', 126), ('n_estimators', 3401), ('num_leaves', 88), ('reg_alpha', 0.006129079582172176), ('reg_lambda', 0.4717150440662617), ('subsample', 0.8702821055643343), ('subsample_freq', 1)])",0.9236415247364153,0.9684712084347121,0.9449069138030016,0.9413392930369884,0.9062969733902093,0.9369311826802654,0.020942238350004007,14
7.893073606491089,0.90495258268847,0.031600236892700195,0.0020590512207803668,0.2253314089964811,0.10926559764682561,220,1722,489,1.3097652927173516e-06,100.0,0.869611500152066,1,"OrderedDict([('colsample_bytree', 0.2253314089964811), ('learning_rate', 0.10926559764682561), ('max_depth', 220), ('n_estimators', 1722), ('num_leaves', 489), ('reg_alpha', 1.3097652927173516e-06), ('reg_lambda', 100.0), ('subsample', 0.869611500152066), ('subsample_freq', 1)])",0.9246147607461477,0.9704987834549877,0.936377429672763,0.9488435987861887,0.9099735933373959,0.9380616331994966,0.02069305391768443,10
4.9897191524505615,0.15013541851854878,0.04759836196899414,0.012956180455223367,0.8404017616288696,0.10088605821524482,-1,4489,2,0.00020713381149740494,1e-09,0.6739194565212145,1,"OrderedDict([('colsample_bytree', 0.8404017616288696), ('learning_rate', 0.10088605821524482), ('max_depth', -1), ('n_estimators', 4489), ('num_leaves', 2), ('reg_alpha', 0.00020713381149740494), ('reg_lambda', 1e-09), ('subsample', 0.6739194565212145), ('subsample_freq', 1)])",0.8703771289537714,0.9505879967558799,0.9000861149840071,0.9204051504961862,0.8885435709932967,0.9059999924366282,0.02758364626638231,40
26.959370708465578,1.918689150113948,0.0931981086730957,0.013391548998139702,0.8680601626626722,0.03939343588603681,256,4668,512,0.00029422990357539253,1e-09,0.4901827029600482,1,"OrderedDict([('colsample_bytree', 0.8680601626626722), ('learning_rate', 0.03939343588603681), ('max_depth', 256), ('n_estimators', 4668), ('num_leaves', 512), ('reg_alpha', 0.00029422990357539253), ('reg_lambda', 1e-09), ('subsample', 0.4901827029600482), ('subsample_freq', 1)])",0.9227696674776966,0.9656731549067316,0.9457885672106946,0.9367054867546953,0.9150111720495634,0.9371896096798764,0.017806215898666922,13
15.701948738098144,3.7645049017994165,0.06419930458068848,0.009259223027680612,0.48132173969973835,0.09473651697792708,256,3410,352,4.0801885604471657e-07,7.06119915284155e-07,0.6766762776406494,1,"OrderedDict([('colsample_bytree', 0.48132173969973835), ('learning_rate', 0.09473651697792708), ('max_depth', 256), ('n_estimators', 3410), ('num_leaves', 352), ('reg_alpha', 4.0801885604471657e-07), ('reg_lambda', 7.06119915284155e-07), ('subsample', 0.6766762776406494), ('subsample_freq', 1)])",0.9117396593673966,0.9655312246553123,0.9484950381366358,0.9465266956450423,0.903392240503758,0.935136971661629,0.023609898544010768,22
0.03399868011474609,0.0021909927422082707,0.003399658203125,0.000800109241740378,0.01,0.36092472812434434,222,30,2,14.969175883005143,100.0,0.1944988051005319,1,"OrderedDict([('colsample_bytree', 0.01), ('learning_rate', 0.36092472812434434), ('max_depth', 222), ('n_estimators', 30), ('num_leaves', 2), ('reg_alpha', 14.969175883005143), ('reg_lambda', 100.0), ('subsample', 0.1944988051005319), ('subsample_freq', 1)])",0.4949310624493106,0.5166362530413626,0.4980829164274584,0.8454338554908554,0.4976437131830184,0.5705455601184011,0.13766107263661684,58
54.205540323257445,1.1150829239054878,0.2127981185913086,0.08502430967443621,0.01,0.01,256,5000,324,1e-09,1e-09,1.0,1,"OrderedDict([('colsample_bytree', 0.01), ('learning_rate', 0.01), ('max_depth', 256), ('n_estimators', 5000), ('num_leaves', 324), ('reg_alpha', 1e-09), ('reg_lambda', 1e-09), ('subsample', 1.0), ('subsample_freq', 1)])",0.8504663422546633,0.9094282238442821,0.8916386451242516,0.9045353891577135,0.869408897014016,0.8850954994789854,0.022172287061350212,42
32.92207832336426,7.229628742325951,0.15299644470214843,0.052631872689516766,0.5416451844476834,0.03271621669279348,256,5000,341,1e-09,1e-09,0.4171147428121008,5,"OrderedDict([('colsample_bytree', 0.5416451844476834), ('learning_rate', 0.03271621669279348), ('max_depth', 256), ('n_estimators', 5000), ('num_leaves', 341), ('reg_alpha', 1e-09), ('reg_lambda', 1e-09), ('subsample', 0.4171147428121008), ('subsample_freq', 5)])",0.9227088402270884,0.9661800486618005,0.9434511605019273,0.9391659148691872,0.9111720495632745,0.9365356027646555,0.018804392286926472,16
0.5627896308898925,0.046057078093726354,0.0052001953125,0.0004002809631042733,0.5349700374901933,0.01,256,465,512,100.0,1e-09,0.7717579821843581,1,"OrderedDict([('colsample_bytree', 0.5349700374901933), ('learning_rate', 0.01), ('max_depth', 256), ('n_estimators', 465), ('num_leaves', 512), ('reg_alpha', 100.0), ('reg_lambda', 1e-09), ('subsample', 0.7717579821843581), ('subsample_freq', 1)])",0.6309103811841039,0.7486415247364152,0.7560383006643157,0.7682174198310505,0.7226691042047532,0.7252953461241278,0.04949322473694356,52
31.10815191268921,2.5420956728494635,0.09459829330444336,0.012908841199810513,0.6558315664001898,0.04076353725875225,154,4000,102,0.0002708388885946647,84.40004202564776,0.8792375521587535,1,"OrderedDict([('colsample_bytree', 0.6558315664001898), ('learning_rate', 0.04076353725875225), ('max_depth', 154), ('n_estimators', 4000), ('num_leaves', 102), ('reg_alpha', 0.0002708388885946647), ('reg_lambda', 84.40004202564776), ('subsample', 0.8792375521587535), ('subsample_freq', 1)])",0.9331305758313058,0.9749594484995945,0.9405806610350201,0.9451734601820716,0.9097501523461305,0.9407188595788245,0.021018674424950225,1
3.662541913986206,0.41817569362994855,0.011598777770996094,0.004454400473600896,0.01,0.01,-1,5000,114,100.0,100.0,1.0,10,"OrderedDict([('colsample_bytree', 0.01), ('learning_rate', 0.01), ('max_depth', -1), ('n_estimators', 5000), ('num_leaves', 114), ('reg_alpha', 100.0), ('reg_lambda', 100.0), ('subsample', 1.0), ('subsample_freq', 10)])",0.6408150851581508,0.7404298459042985,0.5173357664233577,0.7562945952595753,0.7276355880560634,0.6765021761602892,0.08907942228085883,56
18.494305849075317,3.8129557285495386,0.07239747047424316,0.008775440252615703,1.0,0.23876366005012328,256,3584,512,0.009912079569972308,100.0,0.4563988088441156,5,"OrderedDict([('colsample_bytree', 1.0), ('learning_rate', 0.23876366005012328), ('max_depth', 256), ('n_estimators', 3584), ('num_leaves', 512), ('reg_alpha', 0.009912079569972308), ('reg_lambda', 100.0), ('subsample', 0.4563988088441156), ('subsample_freq', 5)])",0.93286699107867,0.9696674776966748,0.9337734765849258,0.9452964815877963,0.9146455413365834,0.9392499936569301,0.01809915681320255,3
36.23299741744995,2.0730226571599686,0.12459697723388671,0.03659741403052979,1.0,0.012203645345330283,120,3027,358,3.7420255575342706e-05,0.00034988656781958236,0.8858527583934601,1,"OrderedDict([('colsample_bytree', 1.0), ('learning_rate', 0.012203645345330283), ('max_depth', 120), ('n_estimators', 3027), ('num_leaves', 358), ('reg_alpha', 3.7420255575342706e-05), ('reg_lambda', 0.00034988656781958236), ('subsample', 0.8858527583934601), ('subsample_freq', 1)])",0.9277372262773722,0.9690997566909977,0.944783892397277,0.9399040433035347,0.9006906357911842,0.9364431108920732,0.022369779198171978,17
28.470544385910035,1.980707653288771,0.08479843139648438,0.004019269912112001,1.0,0.013803951709439604,212,5000,14,6.436765161863787e-09,0.00016759868992626936,0.7212753811986152,2,"OrderedDict([('colsample_bytree', 1.0), ('learning_rate', 0.013803951709439604), ('max_depth', 212), ('n_estimators', 5000), ('num_leaves', 14), ('reg_alpha', 6.436765161863787e-09), ('reg_lambda', 0.00016759868992626936), ('subsample', 0.7212753811986152), ('subsample_freq', 2)])",0.9298864557988646,0.9689578264395783,0.9448864102353809,0.9433691462314443,0.905606337599025,0.9385412352608586,0.020728490925592147,5
10.119061613082886,3.4363047337609123,0.03539876937866211,0.01539557846481959,1.0,0.12197113574360538,256,3500,512,1e-09,1.621149056531695e-05,0.30924831700242283,10,"OrderedDict([('colsample_bytree', 1.0), ('learning_rate', 0.12197113574360538), ('max_depth', 256), ('n_estimators', 3500), ('num_leaves', 512), ('reg_alpha', 1e-09), ('reg_lambda', 1.621149056531695e-05), ('subsample', 0.30924831700242283), ('subsample_freq', 10)])",0.6725871857258718,0.6567923763179236,0.9482694988928074,0.9371155581071106,0.7416717448710137,0.7912872727829454,0.126924856956758,49
44.726889085769656,4.767013582838873,0.11979875564575196,0.008135425353566239,0.4900618038485954,0.017964649626152848,208,4239,36,2.674837214702058e-09,0.004672302312010048,0.46891505263106925,1,"OrderedDict([('colsample_bytree', 0.4900618038485954), ('learning_rate', 0.017964649626152848), ('max_depth', 208), ('n_estimators', 4239), ('num_leaves', 36), ('reg_alpha', 2.674837214702058e-09), ('reg_lambda', 0.004672302312010048), ('subsample', 0.46891505263106925), ('subsample_freq', 1)])",0.919221411192214,0.9674979724249798,0.9460141064545231,0.9459115886164192,0.9086329473898029,0.9374556052155878,0.02102630191973978,12
8.969256258010864,0.2202632301260762,0.03920040130615234,0.003970204353364476,1.0,0.2747167321756817,253,3345,38,1.8335176759660283e-08,9.894922391687233e-05,0.4936609897976806,1,"OrderedDict([('colsample_bytree', 1.0), ('learning_rate', 0.2747167321756817), ('max_depth', 253), ('n_estimators', 3345), ('num_leaves', 38), ('reg_alpha', 1.8335176759660283e-08), ('reg_lambda', 9.894922391687233e-05), ('subsample', 0.4936609897976806), ('subsample_freq', 1)])",0.9235604217356043,0.9634022708840227,0.939370950545395,0.9437792175838595,0.8998578102782857,0.9339941342054334,0.021277441015052752,24
27.984539175033568,5.612343361355909,0.09639954566955566,0.011162326920324712,0.8632800252648065,0.017562750942867553,256,3504,270,1.493096238068591e-05,1.4065127999204548e-07,0.4206261517103338,5,"OrderedDict([('colsample_bytree', 0.8632800252648065), ('learning_rate', 0.017562750942867553), ('max_depth', 256), ('n_estimators', 3504), ('num_leaves', 270), ('reg_alpha', 1.493096238068591e-05), ('reg_lambda', 1.4065127999204548e-07), ('subsample', 0.4206261517103338), ('subsample_freq', 5)])",0.9237834549878345,0.9663422546634226,0.9388583613548757,0.9341425408020996,0.9183424741011578,0.936293817181878,0.016690556327382366,18
21.33446044921875,1.4703042614639046,0.08359994888305664,0.008934485708850338,0.6246010152617469,0.014401791508840245,248,3913,68,2.4277342722553043e-05,100.0,0.8717531763453954,1,"OrderedDict([('colsample_bytree', 0.6246010152617469), ('learning_rate', 0.014401791508840245), ('max_depth', 248), ('n_estimators', 3913), ('num_leaves', 68), ('reg_alpha', 2.4277342722553043e-05), ('reg_lambda', 100.0), ('subsample', 0.8717531763453954), ('subsample_freq', 1)])",0.9300283860502839,0.9764193025141931,0.9378536865414583,0.9431846141228573,0.9074344911639243,0.9389840960785433,0.022342332782503586,4
16.216139793395996,1.1213262013796448,0.05559916496276855,0.003137087877678848,0.45235300660095445,0.030849630976268607,256,3107,17,1.6606113741533327e-06,100.0,0.8536924534162202,2,"OrderedDict([('colsample_bytree', 0.45235300660095445), ('learning_rate', 0.030849630976268607), ('max_depth', 256), ('n_estimators', 3107), ('num_leaves', 17), ('reg_alpha', 1.6606113741533327e-06), ('reg_lambda', 100.0), ('subsample', 0.8536924534162202), ('subsample_freq', 2)])",0.9325628548256286,0.9760948905109489,0.9376486508652505,0.9459525957516608,0.9098923420678449,0.9404302668042668,0.02146932652331524,2
40.8957498550415,10.365863306117054,0.11939883232116699,0.0067130515838614005,0.784372851626557,0.01,256,3117,283,7.511988821431706e-08,0.0011506510458923784,0.7021201865116702,2,"OrderedDict([('colsample_bytree', 0.784372851626557), ('learning_rate', 0.01), ('max_depth', 256), ('n_estimators', 3117), ('num_leaves', 283), ('reg_alpha', 7.511988821431706e-08), ('reg_lambda', 0.0011506510458923784), ('subsample', 0.7021201865116702), ('subsample_freq', 2)])",0.9217558799675589,0.9700932684509327,0.9406626753055032,0.9402936110883294,0.9004671947999187,0.9346545259224486,0.023060573667055377,23
18.470504426956175,1.5562668465934542,0.06519894599914551,0.005879489774275483,1.0,0.03472562712225961,256,5000,512,0.03424555578731671,4.594257130328622e-06,0.5421573128934326,3,"OrderedDict([('colsample_bytree', 1.0), ('learning_rate', 0.03472562712225961), ('max_depth', 256), ('n_estimators', 5000), ('num_leaves', 512), ('reg_alpha', 0.03424555578731671), ('reg_lambda', 4.594257130328622e-06), ('subsample', 0.5421573128934326), ('subsample_freq', 3)])",0.9282238442822385,0.9711678832116789,0.9414008037398507,0.9375461330271466,0.913000203128174,0.9382677734778178,0.019142019167908964,7
4.003734445571899,0.20124218952290324,0.028601360321044923,0.0020595752346253353,0.6720248004565835,0.014537055253675843,161,3282,2,0.0007952486086424724,0.002926806329656605,0.8795390492336863,3,"OrderedDict([('colsample_bytree', 0.6720248004565835), ('learning_rate', 0.014537055253675843), ('max_depth', 161), ('n_estimators', 3282), ('num_leaves', 2), ('reg_alpha', 0.0007952486086424724), ('reg_lambda', 0.002926806329656605), ('subsample', 0.8795390492336863), ('subsample_freq', 3)])",0.9032846715328468,0.9622465531224654,0.9155868121053062,0.9273968670548676,0.8991773308957951,0.9215384469422562,0.022627915413346834,31
22.272245597839355,5.173333670077268,0.09139847755432129,0.008354619683967095,0.6475009872578175,0.04605523074751824,256,5000,454,1e-09,1e-09,0.5504681357580601,2,"OrderedDict([('colsample_bytree', 0.6475009872578175), ('learning_rate', 0.04605523074751824), ('max_depth', 256), ('n_estimators', 5000), ('num_leaves', 454), ('reg_alpha', 1e-09), ('reg_lambda', 1e-09), ('subsample', 0.5504681357580601), ('subsample_freq', 2)])",0.9230535279805353,0.9669099756690998,0.9431231034199951,0.939104404166325,0.9073735527117611,0.9359129127895434,0.020014241052861113,19
